-- --------------------------------------------------------
-- 호스트:                          k8a407.p.ssafy.io
-- 서버 버전:                        10.11.2-MariaDB-1:10.11.2+maria~ubu2204 - mariadb.org binary distribution
-- 서버 OS:                        debian-linux-gnu
-- HeidiSQL 버전:                  12.3.0.6589
-- --------------------------------------------------------

/*!40101 SET @OLD_CHARACTER_SET_CLIENT=@@CHARACTER_SET_CLIENT */;
/*!40101 SET NAMES utf8 */;
/*!50503 SET NAMES utf8mb4 */;
/*!40103 SET @OLD_TIME_ZONE=@@TIME_ZONE */;
/*!40103 SET TIME_ZONE='+00:00' */;
/*!40014 SET @OLD_FOREIGN_KEY_CHECKS=@@FOREIGN_KEY_CHECKS, FOREIGN_KEY_CHECKS=0 */;
/*!40101 SET @OLD_SQL_MODE=@@SQL_MODE, SQL_MODE='NO_AUTO_VALUE_ON_ZERO' */;
/*!40111 SET @OLD_SQL_NOTES=@@SQL_NOTES, SQL_NOTES=0 */;


-- moalarm 데이터베이스 구조 내보내기
CREATE DATABASE IF NOT EXISTS `moalarm` /*!40100 DEFAULT CHARACTER SET utf8mb4 COLLATE utf8mb4_unicode_ci */;
USE `moalarm`;

-- 테이블 moalarm.alarm_request 구조 내보내기
CREATE TABLE IF NOT EXISTS `alarm_request` (
  `id` bigint(20) NOT NULL AUTO_INCREMENT,
  `created_at` datetime(6) DEFAULT NULL,
  `created_by` bigint(20) DEFAULT NULL,
  `del_yn` varchar(255) DEFAULT NULL,
  `last_modified_at` datetime(6) DEFAULT NULL,
  `last_modified_by` bigint(20) NOT NULL,
  `alarm_cnt` int(11) NOT NULL,
  `done_yn` varchar(255) NOT NULL,
  `member_id` bigint(20) NOT NULL,
  PRIMARY KEY (`id`)
) ENGINE=InnoDB AUTO_INCREMENT=11 DEFAULT CHARSET=utf8mb4 COLLATE=utf8mb4_unicode_ci;

-- 테이블 데이터 moalarm.alarm_request:~10 rows (대략적) 내보내기
DELETE FROM `alarm_request`;
INSERT INTO `alarm_request` (`id`, `created_at`, `created_by`, `del_yn`, `last_modified_at`, `last_modified_by`, `alarm_cnt`, `done_yn`, `member_id`) VALUES
	(1, '2023-05-17 17:57:58.434282', 1, 'N', '2023-05-17 17:57:58.434282', 1, 2, 'N', 1),
	(2, '2023-05-17 18:08:14.010014', 1, 'N', '2023-05-17 18:08:14.010014', 1, 2, 'N', 1),
	(3, '2023-05-17 21:14:22.701748', 1, 'N', '2023-05-17 21:14:22.701748', 1, 2, 'N', 1),
	(4, '2023-05-17 21:16:46.692927', 1, 'N', '2023-05-17 21:36:25.357508', 1, 2, 'Y', 1),
	(5, '2023-05-18 09:49:30.337014', 3, 'N', '2023-05-18 09:49:30.337014', 3, 4, 'N', 3),
	(6, '2023-05-18 10:08:05.088323', 3, 'N', '2023-05-18 10:08:05.088323', 3, 4, 'N', 3),
	(7, '2023-05-18 10:11:27.460971', 3, 'N', '2023-05-18 10:11:27.460971', 3, 128, 'N', 3),
	(8, '2023-05-18 10:12:03.051230', 3, 'N', '2023-05-18 10:12:03.051230', 3, 356, 'N', 3),
	(9, '2023-05-18 10:12:22.859484', 3, 'N', '2023-05-18 10:12:22.859484', 3, 1496, 'N', 3),
	(10, '2023-05-18 10:12:40.112898', 3, 'N', '2023-05-18 10:12:40.112898', 3, 1838, 'N', 3);

-- 테이블 moalarm.channel 구조 내보내기
CREATE TABLE IF NOT EXISTS `channel` (
  `id` bigint(20) NOT NULL AUTO_INCREMENT,
  `created_at` datetime(6) DEFAULT NULL,
  `created_by` bigint(20) DEFAULT NULL,
  `del_yn` varchar(255) DEFAULT NULL,
  `last_modified_at` datetime(6) DEFAULT NULL,
  `last_modified_by` bigint(20) NOT NULL,
  `api_key` varchar(255) NOT NULL,
  `extra_value` varchar(255) DEFAULT NULL,
  `member_id` bigint(20) NOT NULL,
  `secret` varchar(255) NOT NULL,
  `type` int(11) NOT NULL,
  PRIMARY KEY (`id`)
) ENGINE=InnoDB AUTO_INCREMENT=17 DEFAULT CHARSET=utf8mb4 COLLATE=utf8mb4_unicode_ci;

-- 테이블 데이터 moalarm.channel:~16 rows (대략적) 내보내기
DELETE FROM `channel`;
INSERT INTO `channel` (`id`, `created_at`, `created_by`, `del_yn`, `last_modified_at`, `last_modified_by`, `api_key`, `extra_value`, `member_id`, `secret`, `type`) VALUES
	(1, '2023-05-17 14:24:51.549151', 5, 'Y', '2023-05-17 14:25:26.917900', 5, '89285be996a7ea9ca2fbf6d57cc5685d3f86d59444d7e0e9b5f23b1fa506d3c2', '30be0b46fb1966c1918f660e28a910c2840d59befbdbe94b13743dff5cb517f1', 5, '64378a329e33b6ccdbe0be1879e72a759ac00ddbcf5de90c05c7c868e0e00508', 0),
	(2, '2023-05-17 14:25:41.770943', 5, 'Y', '2023-05-17 14:25:50.142323', 5, '8d4da2a1bfc48720d4731ee21e6e184a3341c7f2281b315ff590c47b3b586a7a', '17d0dddc1a1cac49f41ce7c97be289e069f200e06477d31d02905abd6076b671', 5, '21ab8430ba506090f103906c4b212261313d52cb29430f159ae98ed2c0a809ca', 0),
	(3, '2023-05-17 14:25:59.874585', 5, 'Y', '2023-05-17 14:26:15.847407', 5, 'c9160d621906f55fb7fe7ff3a0b5a4faa6c0b88a4f8ec58105dd9ec65933f23a', 'ab2d01c1b64b264b6b1dcf81d906ed83e3dc2b2473f95b885cb4a62dbd5542ed', 5, '86b29b5083ececd0db22d87317f81a95e7b365a93479380902d95584cc9b149b', 0),
	(4, '2023-05-17 14:26:45.526172', 5, 'Y', '2023-05-17 15:25:05.911779', 5, '9b1ede6e789d3e1183d2480c3936ae9bfaba59d1b925fb4bb68bff436c674ad6', '8c7371b4df8947fbb81338c5fde851568e39efd1f5e037592787fa6d4a6aada1', 5, 'ba95cd23d1a3fad7988ffc3119e88b4470d3bc5a5afdb7e0a7cd636e7523075f', 0),
	(5, '2023-05-17 15:09:15.512124', 2, 'Y', '2023-05-17 15:09:46.299621', 2, '8c666703436abb41659165cd7b8bd86295ab70ffc676dcf1eb07f8bdbe716c6a', '99d81b5e371cd35b0c3e94489efae40ca8c4178022e567ebe9b31738b444a7b7', 2, '56df866e9221db18a7719105aa475897f12ec0ec4aac46831e240beb6ccca927', 0),
	(6, '2023-05-17 15:09:41.923572', 3, 'Y', '2023-05-17 15:10:08.509669', 3, 'e95f14d2c8f81dca52c35e990c02d7bd2a94dcc200c0c251b3b76d472e291d63', 'a1e34cb7d4af3246bd36a3c52013948c5d9839f4ca274de852fd9ca552225734', 3, 'c53b61e02f67352b03452932122b2d8aa8b4f19cdc4cb7f5dec1b9903c857582', 0),
	(7, '2023-05-17 15:10:20.666224', 3, 'Y', '2023-05-17 15:14:19.071761', 3, '2298b595a842ae8b67a54f7bd7c003d739c9b66f167bd2c9f75245986f180c21', 'b198ec7e270ac090575e77038df771f17d3195aa8f0851d4b87f799b1da01ab9', 3, '76f8b811d14b62b4ee6d1f2ae577e27a81ee01713456dbc044a6004d161c5e54', 0),
	(8, '2023-05-17 15:12:06.405765', 4, 'Y', '2023-05-17 15:24:36.123383', 4, '7620f83973ca42c2fc62e264a40cb5343c7f0fcfc2054c27fe14f3611ca0d9ea', 'ba27a75a6a113aa7123db262607d6fbfb1211e42f598b3aab8aac693fd15ee2c0840b5f757a9cdeea9001d89b6c81888cca00b06a8749e34b187dbe1a1917572', 4, 'd8b761eb1cb490fdbc4e924b51ce004dda224f981b9c61bbd189191db98dc2679750ea7ddf2f9efceddb33764dad94ed', 0),
	(9, '2023-05-17 15:13:32.961154', 4, 'N', '2023-05-17 15:13:32.961154', 4, 'd9255a4b5a0d5fa537b3be0c6f5fd503b72b0571b4749b6a797228004905de8913eb87007e59b5932c3600ae2928c474', '74f9966f9c3a188f0cf702a1e77bcea4aff62020b70a9862cb1fc712765f9536', 4, 'fb1a447ae9ceba019e8b57d8b244229317671114c79945066a63839d401a02769425995de16eac6fe38efdd071543d87', 1),
	(10, '2023-05-17 15:14:26.140692', 3, 'Y', '2023-05-17 15:25:17.897127', 3, '8fb93274868e05859dd73129d3501280bd67e232d4a1415e8f932e331b8f2c26', '913b8f6741f4a7a952ecd72fc5b4c5ada725f1b11e8d838f3b3c0454315ed800', 3, '33196badb9536c55949b417420d9f3102ca4d768567475a34e01a6acdd2e1a8e', 1),
	(11, '2023-05-17 15:25:26.339856', 4, 'N', '2023-05-17 15:25:26.339856', 4, '32ede0e24837497f93b83a8f603a2319000a321a9b92c0aac126f07b363401bf5cd9e6c413a94a75e5b597d7d991046d', 'bcee72586a627fb7ab08a146927bdb357e2d21532c4335f33539235404fa13d3', 4, '72957c1199d7b269fc1f8d17f4673cd8528ad9408294310f6eefc5a96c8bd57a5d9e72a17da0556c809a11106c5f4cc32753f49bac2abdf842161f2617d21e0e', 0),
	(12, '2023-05-17 15:27:33.566608', 3, 'N', '2023-05-17 15:27:33.566608', 3, 'c491c0323f00ab9dd029abadb5cd844034c0f2941973655f4407719737b4694b', '1d048b2f4c508bb73187273fa3b220ad1c5d903e30a8005cf5c19cac54ccdcf5', 3, 'e612bc5798d27721f073894a85447097903e6cb064491c3572f485e9efdfcf59', 1),
	(13, '2023-05-17 21:16:02.846632', 1, 'N', '2023-05-17 21:16:02.846632', 1, '6385e5509ed7f1d45cfb24804828e4017d52606f2cd6d4be55fa7bd5479e2d4d4b8279f96d9dbe356caf285a3e94408d', 'bb656f2f1a4f7ddc0e1bc80df11e0c4349b5f6e70eebefec2e68f47a8e493df6', 1, 'd9cc0a27aa20195a84bc5b7d6663da1f66da3477a65823a87dcbbe88a967a4a7a3c3e47552b31ffc61e0b10f36ad7c11', 1),
	(14, '2023-05-17 21:16:29.341136', 1, 'N', '2023-05-17 21:16:29.341136', 1, 'd47c389fdd4fa3169bcc08938e3054f647d8325758ce1666e0089a2048aa65bc0a12cca614d89a51e9e4629bacdf7e22', '83cef2172f55beb05490efe55e104260f765759718ecf4363046ba76b7b07c89', 1, '8538097af8176e99c55de475d573754e179c1b239a6add578927631ffc11030cffc1b5b8673a6b7d60b0940cbfbf76ead707b5b22e0897bfb7967dcc8bf0959c', 0),
	(15, '2023-05-18 08:33:10.510676', 5, 'N', '2023-05-18 08:33:10.510676', 5, '24178d2b0d2b8dd078cce9bb2dcc6232fa5557bf3353bb8e5e76174a3ddefb1a', '6036254344aa7418ecbabfce80b42902ec7d6525eba45cedaf32df2746ce27f5', 5, '656e90e1af0d23207e6c4df44b16185f22de9b2db829bb4af5b34f4fad05462f', 0),
	(16, '2023-05-18 09:34:46.729573', 7, 'N', '2023-05-18 09:34:46.729573', 7, '2ca77caf29e0cbe47c0d790168e320bb1bc87586b75946571da989ecb15b5b0ccc7777a540102a0e06531ff603df76b1', NULL, 7, '0b77019b9af3740d3a23691add2c1ac3795ea61bac9824f254246d38dc380d762f00c02a076ed4255b14d48cab9c66a0', 1);

-- 테이블 moalarm.history 구조 내보내기
CREATE TABLE IF NOT EXISTS `history` (
  `id` bigint(20) NOT NULL AUTO_INCREMENT,
  `created_at` datetime(6) DEFAULT NULL,
  `created_by` bigint(20) DEFAULT NULL,
  `del_yn` varchar(255) DEFAULT NULL,
  `last_modified_at` datetime(6) DEFAULT NULL,
  `last_modified_by` bigint(20) NOT NULL,
  `member_id` bigint(20) NOT NULL,
  `receiver` varchar(255) NOT NULL,
  `success` varchar(255) NOT NULL,
  `type` int(11) NOT NULL,
  `alarm_request_id` bigint(20) NOT NULL,
  PRIMARY KEY (`id`)
) ENGINE=InnoDB AUTO_INCREMENT=22367 DEFAULT CHARSET=utf8mb4 COLLATE=utf8mb4_unicode_ci;

-- 테이블 데이터 moalarm.history:~140 rows (대략적) 내보내기
DELETE FROM `history`;
INSERT INTO `history` (`id`, `created_at`, `created_by`, `del_yn`, `last_modified_at`, `last_modified_by`, `member_id`, `receiver`, `success`, `type`, `alarm_request_id`) VALUES
	(22455, '2023-05-18 10:36:12.053103', 3, 'N', '2023-05-18 10:36:12.053103', 3, 3, 'b08845c5266283a58e9cf833fcacf545e7633b2db2b88e47dfdb9430306c7d6a821081b6bbe14fe467c25767d301bd82', 'N', 1, 10),
	(22456, '2023-05-18 10:36:12.433391', 3, 'N', '2023-05-18 10:36:12.433391', 3, 3, 'e15598793d61c1c08a37755159d7b876ea70d8216b3f6d3ae1117fa9191ee44f9ce76012b6488f21d9f59d7d515bda0c', 'N', 1, 10),
	(22457, '2023-05-18 10:36:12.722962', 3, 'N', '2023-05-18 10:36:12.722962', 3, 3, '8054ab9fc06d8fbb0d0b33e17c8854bdfed13c9c6ce61d427d266613e81513b10cca8fc829cba6bb45ff7aacfff6285a', 'N', 1, 10),
	(22458, '2023-05-18 10:36:13.050258', 3, 'N', '2023-05-18 10:36:13.050258', 3, 3, 'e73f1e3d7e97284bdc1e2f88ead6583e3cea52adc6e61c402ed40f2c130a4c1c5ce2f8f91dd22eb1d932292fbffb2f61', 'N', 1, 10),
	(22459, '2023-05-18 10:36:13.777961', 3, 'N', '2023-05-18 10:36:13.777961', 3, 3, 'ee625c1d7ed9184a2dca99ea7c5b89ef3edb768f4d1bbee141e3add66d4ee2b4f81cf1078b6bff6bd5892106469d84ac', 'N', 1, 10),
	(22460, '2023-05-18 10:36:14.006291', 3, 'N', '2023-05-18 10:36:14.006291', 3, 3, '4cdbe4ee36fb47dd4076f0b40051999af8ee8bd64dfc61155299724491b57536885f78053a99ac1db8ed7cd6827b34de', 'N', 1, 10),
	(22461, '2023-05-18 10:36:14.049831', 3, 'N', '2023-05-18 10:36:14.049831', 3, 3, '3c1984cc06eb8fdf65a518580478b702c8c6474eb8c02d724d405dad26c51de51aa0129a8f81a68a51516a1651a2f0d9', 'N', 1, 10),
	(22462, '2023-05-18 10:36:14.822861', 3, 'N', '2023-05-18 10:36:14.822861', 3, 3, 'ea4a21452e93f56e74fc555bd2f83b90c49b5f21d511780cb73c143d0b3fa8f78b559af0c9ddbfe8702defac21a20052', 'N', 1, 10),
	(22463, '2023-05-18 10:36:15.030900', 3, 'N', '2023-05-18 10:36:15.030900', 3, 3, '3b9922c80ae03f62ffae2aae14a88dc0ca7e2481e5d3ee9aa18516dbd66a594ee27100ac57b8e542d00b9853da740a20', 'N', 1, 10),
	(22464, '2023-05-18 10:36:15.109011', 3, 'N', '2023-05-18 10:36:15.109011', 3, 3, 'cf83a4be505c4f1a6f2da1110c9eee936cd2e98bbec42addaae98145dcbd47292da78404a909ddee2077b3c5a3104c93', 'N', 1, 10),
	(22465, '2023-05-18 10:36:15.801688', 3, 'N', '2023-05-18 10:36:15.801688', 3, 3, 'cf81cf76f2b9b51d6f79b72f9439a4389b48091a51e307d7f496ae746603580f7e39989ba600815dda930632713e723a', 'N', 1, 10),
	(22466, '2023-05-18 10:36:16.069815', 3, 'N', '2023-05-18 10:36:16.069815', 3, 3, '082e625809384f4081f56c86c414abfced8cfe29a75026364b95f5bd839d9f2f58f62d9239af9772a4defcfe22ed4388', 'N', 1, 10),
	(22467, '2023-05-18 10:36:16.157862', 3, 'N', '2023-05-18 10:36:16.157862', 3, 3, 'afe2836076f1841c87ffc30da1b8dcea3c5104d76b2a5311d306cecf393fb5fd19233d730c701c98c86e5b1940a0c5dd', 'N', 1, 10),
	(22468, '2023-05-18 10:36:16.799848', 3, 'N', '2023-05-18 10:36:16.799848', 3, 3, 'd9e3ae02840c0c337014627aa723b6ea17e934e0266fc35b01ce217ad58ad44327d75a34b6665673db1f06a69d928f0a', 'N', 1, 10),
	(22469, '2023-05-18 10:36:17.077677', 3, 'N', '2023-05-18 10:36:17.077677', 3, 3, '0020028e6656979d0cba223e13df0a80606053b65d6aba1aee90179433611bafc4602bfefe986ed1f38d9b1ab438c610', 'N', 1, 10),
	(22470, '2023-05-18 10:36:17.236169', 3, 'N', '2023-05-18 10:36:17.236169', 3, 3, '15cc0d55d1ecbbf005ec1f7888e831fd613739ded13a97df0a451331dc0649532df60eeeff2707d19d40ad4e4002b228', 'N', 1, 10),
	(22471, '2023-05-18 10:36:17.790603', 3, 'N', '2023-05-18 10:36:17.790603', 3, 3, 'caa0a3c5ce3ac2eb2002ba013e5b697e4027ba39d101bd294111a2d64865afa272ae6449363f74f67ce7c4bd2ab2a831', 'N', 1, 10),
	(22472, '2023-05-18 10:36:18.146145', 3, 'N', '2023-05-18 10:36:18.146145', 3, 3, '1ceaea811fe90bb5f60947e2661723fdf6bb97d3ac443946475f657bb1ede886281068e26994da16d7c8c0ae11b7aecc', 'N', 1, 10),
	(22473, '2023-05-18 10:36:18.320621', 3, 'N', '2023-05-18 10:36:18.320621', 3, 3, 'a9712d7cefb3b8d0db289b3cc1224304d63c92f092ca8359ed58cadcab92dece2da3df794e353a4b9c7c9260a6f715af', 'N', 1, 10),
	(22474, '2023-05-18 10:36:18.757649', 3, 'N', '2023-05-18 10:36:18.757649', 3, 3, '9675bafb24ca75d974eb85747323d5edc225b2b0dcd3fec47010b00baf64c027480c3dc873edd72d09a522e377015d54', 'N', 1, 10),
	(22475, '2023-05-18 10:36:19.720283', 3, 'N', '2023-05-18 10:36:19.720283', 3, 3, 'd0742b0223f567ef984020de1245735c087fc484638cbe2657cbe3cd8280a15a7ae037910fa073fad33b8af5bf259a69', 'N', 1, 10),
	(22476, '2023-05-18 10:36:19.819826', 3, 'N', '2023-05-18 10:36:19.819826', 3, 3, '199a556a0ac85529341fbf4a870c7f437ee9219b02a455356b0cb46c9e0977151181d85ca6553223f34abd67909f804d', 'N', 1, 10),
	(22477, '2023-05-18 10:36:19.901685', 3, 'N', '2023-05-18 10:36:19.901685', 3, 3, '559212697e7be5675ea8efe078290502d36f8e7a15de74d8685de68a9e3de05f7b0e08f263c31afe153fec52791425ec', 'N', 1, 10),
	(22478, '2023-05-18 10:36:20.909429', 3, 'N', '2023-05-18 10:36:20.909429', 3, 3, '93907ac5ee1746c5fb10d841a6fc835767074006b5f5f982c044e843d0dfcdf2e8d0d3f6cdd9a821d0edb15e56c155ee', 'N', 1, 10),
	(22479, '2023-05-18 10:36:21.316844', 3, 'N', '2023-05-18 10:36:21.316844', 3, 3, '82e5f03199f777a78b5d0e6e5905786c61c0fec7b8c07393bd689fac10b32e392a1dfa6f06274a042e5c7530ce084feb', 'N', 1, 10),
	(22480, '2023-05-18 10:36:21.436094', 3, 'N', '2023-05-18 10:36:21.436094', 3, 3, '53b9f3af95e959158f48daa3d8b477d92830716d1106c74ce2670a2d6d0182d46eb5f7813ab202aa2aed19dcb4c96734', 'N', 1, 10),
	(22481, '2023-05-18 10:36:21.950360', 3, 'N', '2023-05-18 10:36:21.950360', 3, 3, '62a97069ad6b13596b859725d04b1c8c801845c8882a49b40b0c48129b201510301e798dd246dd2b6ae3587fd96b78ce', 'N', 1, 10),
	(22482, '2023-05-18 10:36:22.514497', 3, 'N', '2023-05-18 10:36:22.514497', 3, 3, 'c9c63d4ce28755ed68dae198d2a86cca005c66fe8017e6ac221fd44560be7a46b6d9f27b40a0173cb6d21077c542bce4', 'N', 1, 10),
	(22483, '2023-05-18 10:36:22.761052', 3, 'N', '2023-05-18 10:36:22.761052', 3, 3, '024247186d971f2d7d6ed0198f7cf08bb5474b84297a16c037aaa8abac1772b80b29ed79cf4ddfc40b1082b780a157d8', 'N', 1, 10),
	(22484, '2023-05-18 10:36:22.973756', 3, 'N', '2023-05-18 10:36:22.973756', 3, 3, 'f46e1ef3e73e7db8997fcfe9f383bd5e562bc6f4d20d246b0a6b202c4898439ede924b959095cfcd95749aefd4336d02', 'N', 1, 10),
	(22485, '2023-05-18 10:36:23.456592', 3, 'N', '2023-05-18 10:36:23.456592', 3, 3, 'c1dc26d15436bf49df51afd4a810c7491889e8f2835e413b261a3ffa3e8816116313965b744a5cfe5ddc0ec15e958d50', 'N', 1, 10),

-- 테이블 moalarm.member 구조 내보내기
CREATE TABLE IF NOT EXISTS `member` (
  `id` bigint(20) NOT NULL AUTO_INCREMENT,
  `created_at` datetime(6) DEFAULT NULL,
  `created_by` bigint(20) DEFAULT NULL,
  `del_yn` varchar(255) DEFAULT NULL,
  `last_modified_at` datetime(6) DEFAULT NULL,
  `last_modified_by` bigint(20) NOT NULL,
  `channel_registration_status` int(11) NOT NULL,
  `email` varchar(255) NOT NULL,
  `moalarm_key` varchar(255) DEFAULT NULL,
  `moalarm_key_refreshed_at` datetime(6) DEFAULT NULL,
  `password` varchar(255) NOT NULL,
  PRIMARY KEY (`id`)
) ENGINE=InnoDB AUTO_INCREMENT=8 DEFAULT CHARSET=utf8mb4 COLLATE=utf8mb4_unicode_ci;

-- 테이블 데이터 moalarm.member:~7 rows (대략적) 내보내기
DELETE FROM `member`;
INSERT INTO `member` (`id`, `created_at`, `created_by`, `del_yn`, `last_modified_at`, `last_modified_by`, `channel_registration_status`, `email`, `moalarm_key`, `moalarm_key_refreshed_at`, `password`) VALUES
	(1, '2023-05-17 11:14:16.420889', 0, 'N', '2023-05-17 21:16:29.342574', 1, 3, 'bhi991228@naver.com', 'MXq4ehNM+7uKLcVjltvC3qx6Z3WCTaz/DqfLvZEHBp8=', '2023-05-17 11:14:16.369278', '{bcrypt}$2a$10$WdQeVI0RhlqoJvEJL9DMWOUc.CxMNlfmXWIUitUauHKjMsleB2jQm'),
	(2, '2023-05-17 11:15:23.018809', 0, 'N', '2023-05-17 15:09:46.299354', 2, 0, 'test@test.com', 'FWrA/hLSq5z/CgYuCPWeqvO6nUmvD5wvlE3amtiPdSo=', '2023-05-17 11:36:16.402584', '{bcrypt}$2a$10$CK7R7cQ.sUJdZ0PNDqVsqu7BhcgxLZyJULJ41SVyJ0uOLYGm2J2I6'),
	(3, '2023-05-17 11:39:30.248176', 0, 'N', '2023-05-18 09:47:41.656947', 3, 2, 'dkfkdkfk@gmail.com', 'B5gFe/LjJWP+zYN1l7iYTa8RuilvciWiyQyry8OoubQ=', '2023-05-18 09:47:41.656586', '{bcrypt}$2a$10$FL6jtMFns28TbggciNwDEOkljwk0V0sFfRYmejZVAYEolUXXzjyE6'),
	(4, '2023-05-17 11:39:35.842771', 0, 'N', '2023-05-17 15:25:26.341726', 4, 3, 'ssafy@ssafy.com', 'jawpMTGzTT/5B68w89ZYbLG5dygzvE3fB62+aJWjG/Y=', '2023-05-17 11:39:35.842287', '{bcrypt}$2a$10$cbwTJsE411xPN9BfW1LO9.3jVt9gJfg3gpU3Mz0boV018UKV3qj5K'),
	(5, '2023-05-17 14:23:43.298780', 0, 'N', '2023-05-18 08:33:10.512145', 5, 1, 'test@test.test', 'k7/fVp4nkNNmGdsMPsjr2cgLFSubetRQWJViit6+uwY=', '2023-05-17 15:10:42.581791', '{bcrypt}$2a$10$FdTK1lqpdB3eL2NiqE75auPSs8ga28zCjEgGAHanar5XyKOPAIY66'),
	(6, '2023-05-18 09:33:48.349527', 0, 'N', '2023-05-18 09:33:48.349527', 0, 0, 'leewonyoung2323@gmail.com', 'ftyUagDad6yDL3p1Vrsx826P/Ait1HefE5fDSPuB9UI=', '2023-05-18 09:33:48.348855', '{bcrypt}$2a$10$LyvT7iAJiAf64UnxKwbdVOqRTfulFq05SHKnHg8fo20CESED9ws1m'),
	(7, '2023-05-18 09:33:55.038162', 0, 'N', '2023-05-18 09:34:46.731133', 7, 2, 'wpgur07@gmail.com', '+Ruz+9iVjEl6J+lVtnWbescNyfNmpM6gUrTTutIrwV4=', '2023-05-18 09:33:55.037702', '{bcrypt}$2a$10$jDpdO19fiIFYCw6jaPjsxeDsjRC.H/g9NW6ZxcPpfvrvXXzshV3EO');

/*!40103 SET TIME_ZONE=IFNULL(@OLD_TIME_ZONE, 'system') */;
/*!40101 SET SQL_MODE=IFNULL(@OLD_SQL_MODE, '') */;
/*!40014 SET FOREIGN_KEY_CHECKS=IFNULL(@OLD_FOREIGN_KEY_CHECKS, 1) */;
/*!40101 SET CHARACTER_SET_CLIENT=@OLD_CHARACTER_SET_CLIENT */;
/*!40111 SET SQL_NOTES=IFNULL(@OLD_SQL_NOTES, 1) */;
